{
  "timestamp": "2026-05-15T18:57:06.325517",
  "record_count": 500000,
  "iterations": 5,
  "mongo": {
    "Count by status (GROUP BY)": {
      "avg_ms": 1328.9595158043085,
      "p50_ms": 1336.7351070046425,
      "min_ms": 1153.3305880002445
    },
    "Avg amount by region": {
      "avg_ms": 1351.4671646000352,
      "p50_ms": 1331.096341004013,
      "min_ms": 912.8511379967676
    },
    "Top 10 customers by spend": {
      "avg_ms": 1076.6514046030352,
      "p50_ms": 1022.0857500098646,
      "min_ms": 902.438927005278
    },
    "Multi-filter compound": {
      "avg_ms": 166.43114160106052,
      "p50_ms": 153.66877999622375,
      "min_ms": 134.93305300653446
    },
    "Date range scan (3 months)": {
      "avg_ms": 1334.837672804133,
      "p50_ms": 1290.727183004492,
      "min_ms": 1166.1370580113726
    },
    "Full table count": {
      "avg_ms": 404.0347634028876,
      "p50_ms": 363.85971400886774,
      "min_ms": 340.0176800059853
    },
    "Percentile + multi-agg": {
      "avg_ms": 957.1239440061618,
      "p50_ms": 888.3554040075978,
      "min_ms": 845.5012670019642
    },
    "Heavy aggregation (uniqExact)": {
      "avg_ms": 1166.949925996596,
      "p50_ms": 1140.0801069976296,
      "min_ms": 908.0090049974388
    }
  },
  "standalone_clickhouse": {
    "Count by status (GROUP BY)": {
      "avg_ms": 13.868463606922887,
      "p50_ms": 13.23826600855682,
      "min_ms": 9.667288002674468
    },
    "Avg amount by region": {
      "avg_ms": 24.191737596993335,
      "p50_ms": 22.779516992159188,
      "min_ms": 19.427904990152456
    },
    "Top 10 customers by spend": {
      "avg_ms": 65.97379960294347,
      "p50_ms": 60.297479009022936,
      "min_ms": 43.20277800434269
    },
    "Multi-filter compound": {
      "avg_ms": 23.77486899786163,
      "p50_ms": 23.831910992157646,
      "min_ms": 20.558969001285732
    },
    "Date range scan (3 months)": {
      "avg_ms": 33.45061100262683,
      "p50_ms": 35.0661099946592,
      "min_ms": 27.957369005889632
    },
    "Full table count": {
      "avg_ms": 8.873599203070626,
      "p50_ms": 9.440752008231357,
      "min_ms": 5.86631300393492
    },
    "Percentile + multi-agg": {
      "avg_ms": 26.12471119791735,
      "p50_ms": 17.823269998189062,
      "min_ms": 15.532844001427293
    },
    "Heavy aggregation (uniqExact)": {
      "avg_ms": 72.69064000283834,
      "p50_ms": 72.78513400524389,
      "min_ms": 65.45780500164255
    }
  },
  "distributed_clickhouse": {
    "Count by status (GROUP BY)": {
      "avg_ms": 35.75802340055816,
      "p50_ms": 33.35278500162531,
      "min_ms": 26.43536300456617
    },
    "Avg amount by region": {
      "avg_ms": 39.515600400045514,
      "p50_ms": 29.94014200521633,
      "min_ms": 22.794111995608546
    },
    "Top 10 customers by spend": {
      "avg_ms": 107.94963759544771,
      "p50_ms": 90.42425299412571,
      "min_ms": 68.11692299379501
    },
    "Multi-filter compound": {
      "avg_ms": 40.74981140438467,
      "p50_ms": 40.41400500864256,
      "min_ms": 34.91324601054657
    },
    "Date range scan (3 months)": {
      "avg_ms": 69.5671392022632,
      "p50_ms": 73.056937995716,
      "min_ms": 53.663454003981315
    },
    "Full table count": {
      "avg_ms": 20.100286198430695,
      "p50_ms": 19.46778300043661,
      "min_ms": 17.87283198791556
    },
    "Percentile + multi-agg": {
      "avg_ms": 64.7873400041135,
      "p50_ms": 45.485587004804984,
      "min_ms": 43.928929007961415
    },
    "Heavy aggregation (uniqExact)": {
      "avg_ms": 113.38606420322321,
      "p50_ms": 114.99979700602125,
      "min_ms": 93.33821100881323
    }
  }
}