{
  "timestamp": "2026-05-15T21:51:16.651119",
  "record_count": 5000000,
  "iterations": 3,
  "mongo": {
    "Count by status (GROUP BY)": {
      "avg_ms": 6549.623447329698,
      "p50_ms": 6313.050261000171,
      "min_ms": 6120.105750989751
    },
    "Avg amount by region": {
      "avg_ms": 6375.723212001806,
      "p50_ms": 6646.553084006882,
      "min_ms": 5718.133550995844
    },
    "Top 10 customers by spend": {
      "avg_ms": 9771.298629333614,
      "p50_ms": 10237.29572200682,
      "min_ms": 8829.087468999205
    },
    "Single-region filter (shard-local)": {
      "avg_ms": 1191.2911636706365,
      "p50_ms": 836.5384920034558,
      "min_ms": 655.2529710024828
    },
    "Single-region aggregation (shard-local)": {
      "avg_ms": 1900.2194420075587,
      "p50_ms": 1880.724768008804,
      "min_ms": 1589.8431930108927
    },
    "Date range scan (3 months, all shards)": {
      "avg_ms": 9241.31380400892,
      "p50_ms": 8687.578366007074,
      "min_ms": 8675.668881012825
    },
    "Full table count": {
      "avg_ms": 2236.266190001819,
      "p50_ms": 2275.1672900049016,
      "min_ms": 2077.5699599907966
    },
    "Percentile + multi-agg": {
      "avg_ms": 6625.041464658959,
      "p50_ms": 6616.90847898717,
      "min_ms": 6235.348374990281
    },
    "Heavy aggregation (uniqExact)": {
      "avg_ms": 6771.637021001273,
      "p50_ms": 6746.987960999832,
      "min_ms": 6657.706894999137
    }
  },
  "standalone_clickhouse": {
    "Count by status (GROUP BY)": {
      "avg_ms": 33.96450799967473,
      "p50_ms": 12.43159599835053,
      "min_ms": 11.246308000409044
    },
    "Avg amount by region": {
      "avg_ms": 30.727253998823773,
      "p50_ms": 22.619562994805165,
      "min_ms": 20.605857003829442
    },
    "Top 10 customers by spend": {
      "avg_ms": 250.54524466395378,
      "p50_ms": 258.4477189957397,
      "min_ms": 209.0135000034934
    },
    "Single-region filter (shard-local)": {
      "avg_ms": 22.07579066453036,
      "p50_ms": 22.06615799514111,
      "min_ms": 21.912486001383513
    },
    "Single-region aggregation (shard-local)": {
      "avg_ms": 19.450349330630463,
      "p50_ms": 12.679690989898518,
      "min_ms": 12.494152004364878
    },
    "Date range scan (3 months, all shards)": {
      "avg_ms": 38.3262816661348,
      "p50_ms": 40.816274005919695,
      "min_ms": 31.90029799588956
    },
    "Full table count": {
      "avg_ms": 4.688190005254,
      "p50_ms": 4.728589003207162,
      "min_ms": 4.550489000394009
    },
    "Percentile + multi-agg": {
      "avg_ms": 46.43697400751989,
      "p50_ms": 35.694914011401124,
      "min_ms": 35.34331500122789
    },
    "Heavy aggregation (uniqExact)": {
      "avg_ms": 325.87421199908323,
      "p50_ms": 319.4876909983577,
      "min_ms": 261.74954100861214
    }
  },
  "distributed_clickhouse": {
    "Count by status (GROUP BY)": {
      "avg_ms": 26.279530667428237,
      "p50_ms": 26.066705002449453,
      "min_ms": 25.95549800025765
    },
    "Avg amount by region": {
      "avg_ms": 38.93488699880739,
      "p50_ms": 39.39035699295346,
      "min_ms": 35.51548800896853
    },
    "Top 10 customers by spend": {
      "avg_ms": 433.26653066712123,
      "p50_ms": 455.1895189943025,
      "min_ms": 374.60858600388747
    },
    "Single-region filter (shard-local)": {
      "avg_ms": 33.16573834066124,
      "p50_ms": 33.32381200743839,
      "min_ms": 30.46389301016461
    },
    "Single-region aggregation (shard-local)": {
      "avg_ms": 22.480763669591397,
      "p50_ms": 22.805091008194722,
      "min_ms": 20.248407003236935
    },
    "Date range scan (3 months, all shards)": {
      "avg_ms": 150.89703633081322,
      "p50_ms": 151.47331499611028,
      "min_ms": 111.21970899694134
    },
    "Full table count": {
      "avg_ms": 10.154325660550967,
      "p50_ms": 9.956691996194422,
      "min_ms": 9.905440994771197
    },
    "Percentile + multi-agg": {
      "avg_ms": 34.71165499649942,
      "p50_ms": 34.28151799016632,
      "min_ms": 34.173150997958146
    },
    "Heavy aggregation (uniqExact)": {
      "avg_ms": 544.8968316680597,
      "p50_ms": 523.7087069981499,
      "min_ms": 476.61277699808124
    }
  }
}