{
  "timestamp": "2026-05-15T19:12:06.268026",
  "record_count": 500000,
  "iterations": 5,
  "mongo": {
    "Count by status (GROUP BY)": {
      "avg_ms": 822.7660102042137,
      "p50_ms": 809.1881770087639,
      "min_ms": 727.5361490028445
    },
    "Avg amount by region": {
      "avg_ms": 886.1097431974486,
      "p50_ms": 783.2658309926046,
      "min_ms": 647.8926970012253
    },
    "Top 10 customers by spend": {
      "avg_ms": 1096.831066798768,
      "p50_ms": 1074.0311889967415,
      "min_ms": 921.7574539943598
    },
    "Single-region filter (shard-local)": {
      "avg_ms": 204.9734038009774,
      "p50_ms": 215.11808699870016,
      "min_ms": 165.4946939961519
    },
    "Single-region aggregation (shard-local)": {
      "avg_ms": 313.2006768020801,
      "p50_ms": 287.19799999089446,
      "min_ms": 261.2677680008346
    },
    "Date range scan (3 months, all shards)": {
      "avg_ms": 1492.1682580024935,
      "p50_ms": 1534.0053050022107,
      "min_ms": 1015.2291510021314
    },
    "Full table count": {
      "avg_ms": 447.7070389984874,
      "p50_ms": 438.5253930086037,
      "min_ms": 336.6316839965293
    },
    "Percentile + multi-agg": {
      "avg_ms": 1206.1102442006813,
      "p50_ms": 1148.2557700073812,
      "min_ms": 842.3273939988576
    },
    "Heavy aggregation (uniqExact)": {
      "avg_ms": 1336.459163200925,
      "p50_ms": 1295.2030310116243,
      "min_ms": 935.9127599891508
    }
  },
  "standalone_clickhouse": {
    "Count by status (GROUP BY)": {
      "avg_ms": 16.45255440089386,
      "p50_ms": 15.63747800537385,
      "min_ms": 13.827426999341697
    },
    "Avg amount by region": {
      "avg_ms": 21.499862798373215,
      "p50_ms": 20.19438899878878,
      "min_ms": 18.061969996779226
    },
    "Top 10 customers by spend": {
      "avg_ms": 88.60208480036817,
      "p50_ms": 85.96895300433971,
      "min_ms": 71.75837099202909
    },
    "Single-region filter (shard-local)": {
      "avg_ms": 40.64436099724844,
      "p50_ms": 38.14026099280454,
      "min_ms": 30.701684998348355
    },
    "Single-region aggregation (shard-local)": {
      "avg_ms": 30.631207599071786,
      "p50_ms": 24.770129995886236,
      "min_ms": 16.85019400611054
    },
    "Date range scan (3 months, all shards)": {
      "avg_ms": 77.61048380052671,
      "p50_ms": 79.63526500680018,
      "min_ms": 35.1856979978038
    },
    "Full table count": {
      "avg_ms": 11.840416400809772,
      "p50_ms": 11.821852007415146,
      "min_ms": 10.324749004212208
    },
    "Percentile + multi-agg": {
      "avg_ms": 22.62993179319892,
      "p50_ms": 23.276472988072783,
      "min_ms": 17.80399699055124
    },
    "Heavy aggregation (uniqExact)": {
      "avg_ms": 140.4639551998116,
      "p50_ms": 146.41997999569867,
      "min_ms": 92.50053099822253
    }
  },
  "distributed_clickhouse": {
    "Count by status (GROUP BY)": {
      "avg_ms": 61.12110600224696,
      "p50_ms": 61.03522999910638,
      "min_ms": 41.90932599885855
    },
    "Avg amount by region": {
      "avg_ms": 44.41332500136923,
      "p50_ms": 45.72731300140731,
      "min_ms": 38.181240000994876
    },
    "Top 10 customers by spend": {
      "avg_ms": 177.64902759809047,
      "p50_ms": 159.1755999979796,
      "min_ms": 129.68580600863788
    },
    "Single-region filter (shard-local)": {
      "avg_ms": 66.64987240219489,
      "p50_ms": 70.79418501234613,
      "min_ms": 41.29287200339604
    },
    "Single-region aggregation (shard-local)": {
      "avg_ms": 56.140483799390495,
      "p50_ms": 34.485287993447855,
      "min_ms": 33.76788400055375
    },
    "Date range scan (3 months, all shards)": {
      "avg_ms": 63.06703780137468,
      "p50_ms": 63.097121004830115,
      "min_ms": 52.97839699778706
    },
    "Full table count": {
      "avg_ms": 36.46108659741003,
      "p50_ms": 33.95195899065584,
      "min_ms": 22.173236997332424
    },
    "Percentile + multi-agg": {
      "avg_ms": 57.77078160317615,
      "p50_ms": 47.99480500514619,
      "min_ms": 36.240171000827104
    },
    "Heavy aggregation (uniqExact)": {
      "avg_ms": 250.85276920290198,
      "p50_ms": 248.46821700339206,
      "min_ms": 197.90451299923006
    }
  }
}