{
  "timestamp": "2026-05-16T20:48:47.050015",
  "config": {
    "total_records": 100000,
    "batch_size": 1000,
    "single_inserts": 2000,
    "mongoflux_running": true
  },
  "batch_inserts": {
    "standalone": {
      "total_ms": 3223.0531069999415,
      "total_records": 100000,
      "batch_size": 1000,
      "num_batches": 100,
      "avg_batch_ms": 24.521098620002704,
      "p50_batch_ms": 22.966697499896327,
      "p95_batch_ms": 38.32054900021831,
      "min_batch_ms": 13.3910869999454,
      "max_batch_ms": 52.78671600035523,
      "throughput_docs_per_sec": 31026.482245302268
    },
    "with_mongoflux": {
      "total_ms": 3329.1342150000673,
      "total_records": 100000,
      "batch_size": 1000,
      "num_batches": 100,
      "avg_batch_ms": 25.859131779989184,
      "p50_batch_ms": 23.774174500204026,
      "p95_batch_ms": 44.99495799973374,
      "min_batch_ms": 14.796898999975383,
      "max_batch_ms": 58.979843000088295,
      "throughput_docs_per_sec": 30037.839733054432
    }
  },
  "single_inserts": {
    "standalone": {
      "num_inserts": 2000,
      "avg_ms": 3.832342912502554,
      "p50_ms": 3.447680999897784,
      "p95_ms": 6.757899000149337,
      "p99_ms": 8.860967999680724,
      "min_ms": 1.5054759996928624,
      "max_ms": 29.562147999968147,
      "throughput_docs_per_sec": 260.9369836758661
    },
    "with_mongoflux": {
      "num_inserts": 2000,
      "avg_ms": 3.2860872065020885,
      "p50_ms": 2.885610000021188,
      "p95_ms": 6.221872999958578,
      "p99_ms": 8.996090999971784,
      "min_ms": 1.552122000248346,
      "max_ms": 35.45542800020485,
      "throughput_docs_per_sec": 304.31328724975043
    }
  }
}